<?xml version="1.0" encoding="UTF-8"?>
<addon id="plugin.video.miztvstream"
       version="1.0.0"
       name="MizTV Stream Addon"
       provider-name="Tu Nombre">
    <requires>
        <import addon="xbmc.python" version="3.0.0"/>
    </requires>
    <extension point="xbmc.python.pluginservice"
               library="default.py"
               library_once="false"/>
    <extension point="xbmc.addon.metadata">
        <summary>Reproduce un stream en directo de MizTV</summary>
        <description>Este addon reproduce el stream en directo de la página web especificada.</description>
        <platform>all</platform>
        <license>GPL-2.0-or-later</license>
        <forum></forum>
        <website>https://miztv.shop/</website>
    </extension>
</addon>